Workbook

Sheet Poder
B2: Elaborado por: Lic. Numa Sebastián Calle Lituma, Mg. MBA. PhD. y Lic. Ronal Edison Chaca Espinoza, Mg. PhD. | H2: Fuente: Mitchell et al; 1997
B4: MATRIZ DE PODER
B5: Territorio/Localidad:
B6: Elaborado por: | L6: ESCALA VALORATIVA DE LA MATRIZ DE PODER
B7: Grado de Disponibilidad de los actores | C7: Medios Coercitivos | E7: Medios utilitarios | J7: Grado de Poder
C8: Autoridad | D8: Poder | E8: Recursos y Atractivos | F8: Presupuesto | G8: Tecnológicos | H8: Cadena de Valor | I8: Intelectuales | L8: Escala de Valores | M8: Grado de Disponibilidad
B9: Involucrados | L9: 0 | M9: No Posee
B10: Actor 1: | J10: =SUM(C10:I10) -> 0 | L10: 1 | M10: Poca
B11: Actor 2: | J11: =SUM(C11:I11) -> 0 | L11: 2 | M11: Media
B12: Actor 3: | J12: =SUM(C12:I12) -> 0 | L12: 3 | M12: Máxima
B13: Actor 4: | J13: =SUM(C13:I13) -> 0
B14: Actor 5: | J14: =SUM(C14:I14) -> 0
B15: Actor 6: | J15: =SUM(C15:I15) -> 0
B16: Actor 7: | J16: =SUM(C16:I16) -> 0
B17: Actor 8: | J17: =SUM(C17:I17) -> 0
B18: Actor 9: | J18: =SUM(C18:I18) -> 0
B19: Actor 10: | J19: =SUM(C19:I19) -> 0

Sheet Legitimidad
B2: Elaborado por: Lic. Numa Sebastián Calle Lituma, Mg. MBA. PhD. y Lic. Ronal Edison Chaca Espinoza, Mg. PhD. | D2: Fuente: Mitchell et al; 1997
B4: MATRIZ DE LEGITIMIDAD
B5: Territorio/Localidad: | C5: =Poder!C5 -> 0 | G5: ESCALA VALORATIVA DE LA MATRIZ DE LEGITIMIDAD
B6: Elaborado por: | C6: =Poder!C6 -> 0
B7: Grado de deseabilidad de actores | C7: Niveles de Deseabilidad | E7: Grado de Legitimidad | G7: Escala de Valores | H7: Niveles de Deseabilidad
C8: Para el territorio | D8: Para la Sociedad | G8: 0 | H8: Indeseable
G9: 1 | H9: Poco Deseable
B10: Involucrados | G10: 2 | H10: Deseable
B11: =Poder!B10 -> Actor 1: | E11: =SUM(C11:D11) -> 0 | G11: 3 | H11: Altamente Deseable
B12: =Poder!B11 -> Actor 2: | E12: =SUM(C12:D12) -> 0
B13: =Poder!B12 -> Actor 3: | E13: =SUM(C13:D13) -> 0
B14: =Poder!B13 -> Actor 4: | E14: =SUM(C14:D14) -> 0
B15: =Poder!B14 -> Actor 5: | E15: =SUM(C15:D15) -> 0
B16: =Poder!B15 -> Actor 6: | E16: =SUM(C16:D16) -> 0
B17: =Poder!B16 -> Actor 7: | E17: =SUM(C17:D17) -> 0
B18: =Poder!B17 -> Actor 8: | E18: =SUM(C18:D18) -> 0
B19: =Poder!B18 -> Actor 9: | E19: =SUM(C19:D19) -> 0
B20: =Poder!B19 -> Actor 10: | E20: =SUM(C20:D20) -> 0

Sheet Urgencia
B2: Elaborado por: Lic. Numa Sebastián Calle Lituma, Mg. MBA. PhD. y Lic. Ronal Edison Chaca Espinoza, Mg. PhD. | D2: Fuente: Mitchell et al; 1997
B4: MATRIZ DE URGENCIA
B5: Territorio/Localidad: | C5: =Poder!C5 -> 0 | G5: ESCALA VALORATIVA DE LA MATRIZ DE URGENCIA
B6: Elaborado por: | C6: =Poder!C6 -> 0
B7: Grado de urgencia de los actores | C7: Criterios de Urgenica | E7: Grado de Urgencia | G7: Escala de Valores | H7: Sensibilidad Temporal | I7: Criticidad
C8: Sensibilidad Temporal | D8: Criticidad | G8: 0 | H8: Nada Sensible | I8: Nada Crítico
G9: 1 | H9: Poco Sensible | I9: Baja Criticidad
B10: Involucrados | G10: 2 | H10: Sensible | I10: Media Criticidad
B11: =Poder!B10 -> Actor 1: | E11: =SUM(C11:D11) -> 0 | G11: 3 | H11: Alta Sensibilidad | I11: Alta Criticidad
B12: =Poder!B11 -> Actor 2: | E12: =SUM(C12:D12) -> 0
B13: =Poder!B12 -> Actor 3: | E13: =SUM(C13:D13) -> 0
B14: =Poder!B13 -> Actor 4: | E14: =SUM(C14:D14) -> 0
B15: =Poder!B14 -> Actor 5: | E15: =SUM(C15:D15) -> 0
B16: =Poder!B15 -> Actor 6: | E16: =SUM(C16:D16) -> 0
B17: =Poder!B16 -> Actor 7: | E17: =SUM(C17:D17) -> 0
B18: =Poder!B17 -> Actor 8: | E18: =SUM(C18:D18) -> 0
B19: =Poder!B18 -> Actor 9: | E19: =SUM(C19:D19) -> 0
B20: =Poder!B19 -> Actor 10: | E20: =SUM(C20:D20) -> 0

Sheet Consolidación
B2: Elaborado por: Lic. Numa Sebastián Calle Lituma, Mg. MBA. PhD. y Lic. Ronal Edison Chaca Espinoza, Mg. PhD. | G2: Fuente: Mitchell et al; 1997
B4: MATRIZ DE CONSOLIDACIÓN
B5: Territorio/Localidad: | C5: =Poder!C5 -> 0
B6: Elaborado por: | C6: =Poder!C6 -> 0
B7: Actores | C7: Grado de Poder (A) | E7: Grado de Legitimidad (B) | G7: Grado de Urgencia (C) | I7: Total A x B x C
C8: Valor Total | D8: Valor Normalizado | E8: Valor Total | F8: Valor Normalizado | G8: Valor Total | H8: Valor Normalizado
B9: =Poder!B10 -> Actor 1: | C9: =Poder!J10 -> 0 | D9: =(C9/$C$19)*$C$20 -> #DIV/0! | E9: =Legitimidad!E11 -> 0 | F9: =(E9/$E$19)*$E$20 -> #DIV/0! | G9: =Urgencia!E11 -> 0 | H9: =(G9/$G$19)*$G$20 -> #DIV/0! | I9: =D9*F9*H9 -> #DIV/0!
B10: =Poder!B11 -> Actor 2: | C10: =Poder!J11 -> 0 | D10: =(C10/$C$19)*$C$20 -> #DIV/0! | E10: =Legitimidad!E12 -> 0 | F10: =(E10/$E$19)*$E$20 -> #DIV/0! | G10: =Urgencia!E12 -> 0 | H10: =(G10/$G$19)*$G$20 -> #DIV/0! | I10: =D10*F10*H10 -> #DIV/0!
B11: =Poder!B12 -> Actor 3: | C11: =Poder!J12 -> 0 | D11: =(C11/$C$19)*$C$20 -> #DIV/0! | E11: =Legitimidad!E13 -> 0 | F11: =(E11/$E$19)*$E$20 -> #DIV/0! | G11: =Urgencia!E13 -> 0 | H11: =(G11/$G$19)*$G$20 -> #DIV/0! | I11: =D11*F11*H11 -> #DIV/0!
B12: =Poder!B13 -> Actor 4: | C12: =Poder!J13 -> 0 | D12: =(C12/$C$19)*$C$20 -> #DIV/0! | E12: =Legitimidad!E14 -> 0 | F12: =(E12/$E$19)*$E$20 -> #DIV/0! | G12: =Urgencia!E14 -> 0 | H12: =(G12/$G$19)*$G$20 -> #DIV/0! | I12: =D12*F12*H12 -> #DIV/0!
B13: =Poder!B14 -> Actor 5: | C13: =Poder!J14 -> 0 | D13: =(C13/$C$19)*$C$20 -> #DIV/0! | E13: =Legitimidad!E15 -> 0 | F13: =(E13/$E$19)*$E$20 -> #DIV/0! | G13: =Urgencia!E15 -> 0 | H13: =(G13/$G$19)*$G$20 -> #DIV/0! | I13: =D13*F13*H13 -> #DIV/0!
B14: =Poder!B15 -> Actor 6: | C14: =Poder!J15 -> 0 | D14: =(C14/$C$19)*$C$20 -> #DIV/0! | E14: =Legitimidad!E16 -> 0 | F14: =(E14/$E$19)*$E$20 -> #DIV/0! | G14: =Urgencia!E16 -> 0 | H14: =(G14/$G$19)*$G$20 -> #DIV/0! | I14: =D14*F14*H14 -> #DIV/0!
B15: =Poder!B16 -> Actor 7: | C15: =Poder!J16 -> 0 | D15: =(C15/$C$19)*$C$20 -> #DIV/0! | E15: =Legitimidad!E17 -> 0 | F15: =(E15/$E$19)*$E$20 -> #DIV/0! | G15: =Urgencia!E17 -> 0 | H15: =(G15/$G$19)*$G$20 -> #DIV/0! | I15: =D15*F15*H15 -> #DIV/0!
B16: =Poder!B17 -> Actor 8: | C16: =Poder!J17 -> 0 | D16: =(C16/$C$19)*$C$20 -> #DIV/0! | E16: =Legitimidad!E18 -> 0 | F16: =(E16/$E$19)*$E$20 -> #DIV/0! | G16: =Urgencia!E18 -> 0 | H16: =(G16/$G$19)*$G$20 -> #DIV/0! | I16: =D16*F16*H16 -> #DIV/0!
B17: =Poder!B18 -> Actor 9: | C17: =Poder!J18 -> 0 | D17: =(C17/$C$19)*$C$20 -> #DIV/0! | E17: =Legitimidad!E19 -> 0 | F17: =(E17/$E$19)*$E$20 -> #DIV/0! | G17: =Urgencia!E19 -> 0 | H17: =(G17/$G$19)*$G$20 -> #DIV/0! | I17: =D17*F17*H17 -> #DIV/0!
B18: =Poder!B19 -> Actor 10: | C18: =Poder!J19 -> 0 | D18: =(C18/$C$19)*$C$20 -> #DIV/0! | E18: =Legitimidad!E20 -> 0 | F18: =(E18/$E$19)*$E$20 -> #DIV/0! | G18: =Urgencia!E20 -> 0 | H18: =(G18/$G$19)*$G$20 -> #DIV/0! | I18: =D18*F18*H18 -> #DIV/0!
B19: TOTAL | C19: =SUM(C9:C18) -> 0 | E19: =SUM(E9:E18) -> 0 | G19: =SUM(G9:G18) -> 0
B20: Número de Actores
B21: Promedio | C21: =AVERAGE(C9:C18) -> 0 | E21: =AVERAGE(E9:E18) -> 0 | G21: =AVERAGE(G9:G18) -> 0
B22: Valor Máximo | C22: =MAX(D9:D18) -> #DIV/0! | E22: =MAX(F9:F18) -> #DIV/0! | G22: =MAX(H9:H18) -> #DIV/0!
B23: Valor Mínimo | C23: =MIN(D9:D18) -> #DIV/0! | E23: =MIN(F9:F18) -> #DIV/0! | G23: =MIN(H9:H18) -> #DIV/0!
B24: Punto Central del Rango | C24: =AVERAGE(C22:C23) -> #DIV/0! | E24: =AVERAGE(E22:E23) -> #DIV/0! | G24: =AVERAGE(G22:G23) -> #DIV/0!
B27: MATRIZ RESUMEN | L27: Relación entre los atributos y variables de poder, legitimidad y urgencia
B28: Actores | C28: Grado de Poder | D28: Grado de Urgencia | E28: Grado de Legitimidad | F28: Tipo de Stackeholder
B29: =Poder!B10 -> Actor 1: | F29: =IF(AND(C29=$N$37,D29=$O$37,E29=$P$37),$M$37,IF(AND(C29=$N$34,D29=$P$34),$M$34,IF(AND(C29=$N$35,E29=$O$35),$M$35,IF(AND(D29=$O$36,E29=$P$36),$M$36,IF(AND(C29=$N$31),$M$31,IF(AND(D29=$P$33),$M$33,IF(AND(E29=$O$32),$M$32,))))))) -> 0 | L29: Atributo | M29: Tipo de Stackeholder | N29: Variables
B30: =Poder!B11 -> Actor 2: | F30: =IF(AND(C30=$N$37,D30=$O$37,E30=$P$37),$M$37,IF(AND(C30=$N$34,D30=$P$34),$M$34,IF(AND(C30=$N$35,E30=$O$35),$M$35,IF(AND(D30=$O$36,E30=$P$36),$M$36,IF(AND(C30=$N$31),$M$31,IF(AND(D30=$P$33),$M$33,IF(AND(E30=$O$32),$M$32,))))))) -> 0 | N30: Poder | O30: Legitimidad | P30: Urgencia
B31: =Poder!B12 -> Actor 3: | F31: =IF(AND(C31=$N$37,D31=$O$37,E31=$P$37),$M$37,IF(AND(C31=$N$34,D31=$P$34),$M$34,IF(AND(C31=$N$35,E31=$O$35),$M$35,IF(AND(D31=$O$36,E31=$P$36),$M$36,IF(AND(C31=$N$31),$M$31,IF(AND(D31=$P$33),$M$33,IF(AND(E31=$O$32),$M$32,))))))) -> 0 | L31: Stakeholders Latentes | M31: Adormecidos | N31: X
B32: =Poder!B13 -> Actor 4: | F32: =IF(AND(C32=$N$37,D32=$O$37,E32=$P$37),$M$37,IF(AND(C32=$N$34,D32=$P$34),$M$34,IF(AND(C32=$N$35,E32=$O$35),$M$35,IF(AND(D32=$O$36,E32=$P$36),$M$36,IF(AND(C32=$N$31),$M$31,IF(AND(D32=$P$33),$M$33,IF(AND(E32=$O$32),$M$32,))))))) -> 0 | M32: Exigentes | O32: X
B33: =Poder!B14 -> Actor 5: | F33: =IF(AND(C33=$N$37,D33=$O$37,E33=$P$37),$M$37,IF(AND(C33=$N$34,D33=$P$34),$M$34,IF(AND(C33=$N$35,E33=$O$35),$M$35,IF(AND(D33=$O$36,E33=$P$36),$M$36,IF(AND(C33=$N$31),$M$31,IF(AND(D33=$P$33),$M$33,IF(AND(E33=$O$32),$M$32,))))))) -> 0 | M33: Discrecionales | P33: X
B34: =Poder!B15 -> Actor 6: | F34: =IF(AND(C34=$N$37,D34=$O$37,E34=$P$37),$M$37,IF(AND(C34=$N$34,D34=$P$34),$M$34,IF(AND(C34=$N$35,E34=$O$35),$M$35,IF(AND(D34=$O$36,E34=$P$36),$M$36,IF(AND(C34=$N$31),$M$31,IF(AND(D34=$P$33),$M$33,IF(AND(E34=$O$32),$M$32,))))))) -> 0 | L34: Stakeholders Expectantes | M34: Peligrosos | N34: X | P34: X
B35: =Poder!B16 -> Actor 7: | F35: =IF(AND(C35=$N$37,D35=$O$37,E35=$P$37),$M$37,IF(AND(C35=$N$34,D35=$P$34),$M$34,IF(AND(C35=$N$35,E35=$O$35),$M$35,IF(AND(D35=$O$36,E35=$P$36),$M$36,IF(AND(C35=$N$31),$M$31,IF(AND(D35=$P$33),$M$33,IF(AND(E35=$O$32),$M$32,))))))) -> 0 | M35: Dominantes | N35: X | O35: X
B36: =Poder!B17 -> Actor 8: | F36: =IF(AND(C36=$N$37,D36=$O$37,E36=$P$37),$M$37,IF(AND(C36=$N$34,D36=$P$34),$M$34,IF(AND(C36=$N$35,E36=$O$35),$M$35,IF(AND(D36=$O$36,E36=$P$36),$M$36,IF(AND(C36=$N$31),$M$31,IF(AND(D36=$P$33),$M$33,IF(AND(E36=$O$32),$M$32,))))))) -> 0 | M36: Dependientes | O36: X | P36: X
B37: =Poder!B18 -> Actor 9: | F37: =IF(AND(C37=$N$37,D37=$O$37,E37=$P$37),$M$37,IF(AND(C37=$N$34,D37=$P$34),$M$34,IF(AND(C37=$N$35,E37=$O$35),$M$35,IF(AND(D37=$O$36,E37=$P$36),$M$36,IF(AND(C37=$N$31),$M$31,IF(AND(D37=$P$33),$M$33,IF(AND(E37=$O$32),$M$32,))))))) -> 0 | L37: Stakeholders | M37: Definitivos | N37: X | O37: X | P37: X
B38: =Poder!B19 -> Actor 10: | F38: =IF(AND(C38=$N$37,D38=$O$37,E38=$P$37),$M$37,IF(AND(C38=$N$34,D38=$P$34),$M$34,IF(AND(C38=$N$35,E38=$O$35),$M$35,IF(AND(D38=$O$36,E38=$P$36),$M$36,IF(AND(C38=$N$31),$M$31,IF(AND(D38=$P$33),$M$33,IF(AND(E38=$O$32),$M$32,))))))) -> 0
